<?xml version="1.0" encoding="UTF-8" standalone="no"?>
<project>
	<configuration id="com.samsung.artik.cc.target.elf.debug.1553260299" name="Debug">
		<extension point="org.eclipse.cdt.core.LanguageSettingsProvider">
			<provider copy-of="extension" id="org.eclipse.cdt.ui.UserLanguageSettingsProvider"/>
			<provider-reference id="org.eclipse.cdt.core.ReferencedProjectsLanguageSettingsProvider" ref="shared-provider"/>
			<provider-reference id="org.eclipse.cdt.managedbuilder.core.MBSLanguageSettingsProvider" ref="shared-provider"/>
			<provider class="com.samsung.artik.ide.build.ARTIKGCCBuiltinSpecsDetector" console="false" env-hash="-2528492240064" id="com.samsung.artik.ide.build.tizentr.ARTIKGCCBuiltinSpecsDetector" keep-relative-paths="false" name="ARTIK Tizen RT Cross GCC Built-in Compiler Settings" parameter="${COMMAND} ${FLAGS} -E -P -v -dD &quot;${INPUTS}&quot;" prefer-non-shared="true">
				<language-scope id="org.eclipse.cdt.core.gcc"/>
			</provider>
		</extension>
	</configuration>
	<configuration id="com.samsung.artik.cc.target.elf.release.1758602313" name="Release">
		<extension point="org.eclipse.cdt.core.LanguageSettingsProvider">
			<provider copy-of="extension" id="org.eclipse.cdt.ui.UserLanguageSettingsProvider"/>
			<provider-reference id="org.eclipse.cdt.core.ReferencedProjectsLanguageSettingsProvider" ref="shared-provider"/>
			<provider-reference id="org.eclipse.cdt.managedbuilder.core.MBSLanguageSettingsProvider" ref="shared-provider"/>
			<provider class="com.samsung.artik.ide.build.ARTIKGCCBuiltinSpecsDetector" console="false" env-hash="-2420543801984" id="com.samsung.artik.ide.build.tizentr.ARTIKGCCBuiltinSpecsDetector" keep-relative-paths="false" name="ARTIK Tizen RT Cross GCC Built-in Compiler Settings" parameter="${COMMAND} ${FLAGS} -E -P -v -dD &quot;${INPUTS}&quot;" prefer-non-shared="true">
				<language-scope id="org.eclipse.cdt.core.gcc"/>
			</provider>
		</extension>
	</configuration>
</project>
